pkg,file,line,role,vendored,kind,occurrences,name,name_hex,codepoints,valid_utf8,uax31,uax31_profile,invisible,nfc,scripts,mixed_script,multi_script,confusable_ascii,casefold_divergence,case_insensitive_role,uax31_offenders
star7th__showdoc,star7th__showdoc/server/tests/mcp/runapi_test.php,364,other,False,T_VARIABLE,1,runapiPageId，实际,72756e617069506167654964efbc8ce5ae9ee99985,15,True,False,False,,True,"Cjk,Latin,Other",False,True,,False,False,U+FF0C FULLWIDTH COMMA
star7th__showdoc,star7th__showdoc/server/tests/mcp/mcp_test.php,994,other,False,T_VARIABLE,1,specialContent，实际,7370656369616c436f6e74656e74efbc8ce5ae9ee99985,17,True,False,False,,True,"Cjk,Latin,Other",False,True,,False,False,U+FF0C FULLWIDTH COMMA
FreshRSS__FreshRSS,FreshRSS__FreshRSS/app/Controllers/feedController.php,522,other,False,T_VARIABLE,3,ε,ceb5,1,True,True,True,,True,Greek,False,False,,False,False,
linuxserver__Heimdall,linuxserver__Heimdall/vendor/squizlabs/php_codesniffer/src/Standards/Generic/Tests/CodeAnalysis/UselessOverridingMethodUnitTest.1.inc,72,function_decl,True,T_STRING,1,differentCaseSameNonAnsiiCharáctêrs,646966666572656e744361736553616d654e6f6e416e73696943686172c3a16374c3aa7273,35,True,True,True,,True,Latin,False,False,,False,True,
linuxserver__Heimdall,linuxserver__Heimdall/vendor/squizlabs/php_codesniffer/src/Standards/Generic/Tests/CodeAnalysis/UselessOverridingMethodUnitTest.1.inc,74,static_member,True,T_STRING,1,DIFFERENTcaseSameNonAnsiiCharáctêrs,444946464552454e546361736553616d654e6f6e416e73696943686172c3a16374c3aa7273,35,True,True,True,,True,Latin,False,False,,False,False,
linuxserver__Heimdall,linuxserver__Heimdall/vendor/squizlabs/php_codesniffer/src/Standards/Generic/Tests/CodeAnalysis/UselessOverridingMethodUnitTest.1.inc,77,function_decl,True,T_STRING,1,differentCaseDifferentNonAnsiiCharáctêrs,646966666572656e7443617365446966666572656e744e6f6e416e73696943686172c3a16374c3aa7273,40,True,True,True,,True,Latin,False,False,,False,True,
linuxserver__Heimdall,linuxserver__Heimdall/vendor/squizlabs/php_codesniffer/src/Standards/Generic/Tests/CodeAnalysis/UselessOverridingMethodUnitTest.1.inc,79,static_member,True,T_STRING,1,DIFFERENTcaseDifferentNonAnsiiCharÁctÊrs,444946464552454e5463617365446966666572656e744e6f6e416e73696943686172c3816374c38a7273,40,True,True,True,,True,Latin,False,False,,True,False,
linuxserver__Heimdall,linuxserver__Heimdall/vendor/squizlabs/php_codesniffer/tests/Core/Tokenizers/PHP/HeredocNowdocTest.inc,14,heredoc_label,True,T_START_HEREDOC,1,😬,f09f98ac,1,True,False,False,,True,Other,False,False,,False,False,U+1F62C GRIMACING FACE
linuxserver__Heimdall,linuxserver__Heimdall/vendor/squizlabs/php_codesniffer/tests/Core/Tokenizers/PHP/NamedFunctionCallArgumentsTest.inc,70,other,True,T_VARIABLE,1,💩💩💩,f09f92a9f09f92a9f09f92a9,3,True,False,False,,True,Other,False,False,,False,False,U+1F4A9 PILE OF POO; U+1F4A9 PILE OF POO; U+1F4A9 PILE OF POO
linuxserver__Heimdall,linuxserver__Heimdall/vendor/squizlabs/php_codesniffer/tests/Core/Tokenizers/PHP/NamedFunctionCallArgumentsTest.inc,70,other,True,T_VARIABLE,1,Пасха,d09fd0b0d181d185d0b0,5,True,True,True,,True,Cyrillic,False,False,,True,False,
linuxserver__Heimdall,linuxserver__Heimdall/vendor/squizlabs/php_codesniffer/tests/Core/Tokenizers/PHP/NamedFunctionCallArgumentsTest.inc,72,other,True,T_STRING,1,💩💩💩,f09f92a9f09f92a9f09f92a9,3,True,False,False,,True,Other,False,False,,False,False,U+1F4A9 PILE OF POO; U+1F4A9 PILE OF POO; U+1F4A9 PILE OF POO
linuxserver__Heimdall,linuxserver__Heimdall/vendor/squizlabs/php_codesniffer/tests/Core/Tokenizers/PHP/NamedFunctionCallArgumentsTest.inc,72,other,True,T_STRING,1,Пасха,d09fd0b0d181d185d0b0,5,True,True,True,,True,Cyrillic,False,False,,True,False,
linuxserver__Heimdall,linuxserver__Heimdall/vendor/symfony/cache/Traits/ValueWrapper.php,19,class_decl,True,T_STRING,1,<invalid utf-8>,a9,0,False,False,False,,False,,False,False,,False,True,
helloqingfeng__Awsome-Front-End-learning-resource,helloqingfeng__Awsome-Front-End-learning-resource/04-Front-end-tutorial-master/README/README.php,628,other,False,T_STRING,1,　　1,e38080e3808031,3,True,False,False,U+3000 IDEOGRAPHIC SPACE; U+3000 IDEOGRAPHIC SPACE,True,Common,False,False,,False,False,U+3000 IDEOGRAPHIC SPACE; U+3000 IDEOGRAPHIC SPACE
xhadmincn__FastMovieAI,xhadmincn__FastMovieAI/fastmovie-admin/vendor/symfony/cache/Traits/ValueWrapper.php,19,class_decl,True,T_STRING,1,<invalid utf-8>,a9,0,False,False,False,,False,,False,False,,False,True,
simikraemer__WEH,simikraemer__WEH/PHP/Kasse.php,395,other,False,T_VARIABLE,2,gekürzte_beschreibung,67656bc3bc727a74655f626573636872656962756e67,21,True,True,True,,True,"Common,Latin",False,False,,False,False,
simikraemer__WEH,simikraemer__WEH/PHP/Schluessel.php,129,other,False,T_VARIABLE,9,schlüsselraumdaten,7363686cc3bc7373656c7261756d646174656e,18,True,True,True,,True,Latin,False,False,,False,False,
simikraemer__WEH,simikraemer__WEH/PHP/Kassenwart.php,30,other,False,T_VARIABLE,2,sum_beiträge,73756d5f6265697472c3a46765,12,True,True,True,,True,"Common,Latin",False,False,,False,False,
simikraemer__WEH,simikraemer__WEH/PHP/Kassenwart.php,112,other,False,T_VARIABLE,4,anzahlgefährdeteuser,616e7a61686c676566c3a468726465746575736572,20,True,True,True,,True,Latin,False,False,,False,False,
simikraemer__WEH,simikraemer__WEH/PHP/Kassenwart.php,120,other,False,T_VARIABLE,2,userbeiträge,757365726265697472c3a46765,12,True,True,True,,True,Latin,False,False,,False,False,
simikraemer__WEH,simikraemer__WEH/PHP/Kassenwart.php,145,other,False,T_VARIABLE,3,nächsterMonat,6ec3a46368737465724d6f6e6174,13,True,True,True,,True,Latin,False,False,,False,False,
simikraemer__WEH,simikraemer__WEH/PHP/Kassenwart.php,146,other,False,T_VARIABLE,3,nächstesJahr,6ec3a46368737465734a616872,12,True,True,True,,True,Latin,False,False,,False,False,
simikraemer__WEH,simikraemer__WEH/PHP/Kassenwart.php,224,other,False,T_VARIABLE,3,rücklagen_haus,72c3bc636b6c6167656e5f68617573,14,True,True,True,,True,"Common,Latin",False,False,,False,False,
simikraemer__WEH,simikraemer__WEH/PHP/Kassenwart.php,225,other,False,T_VARIABLE,3,rücklagen_netz,72c3bc636b6c6167656e5f6e65747a,14,True,True,True,,True,"Common,Latin",False,False,,False,False,
simikraemer__WEH,simikraemer__WEH/PHP/template.php,1792,other,False,T_VARIABLE,2,blätter,626cc3a474746572,7,True,True,True,,True,Latin,False,False,,False,False,
simikraemer__WEH,simikraemer__WEH/PHP/Printer.php,799,other,False,T_VARIABLE,4,blätter,626cc3a474746572,7,True,True,True,,True,Latin,False,False,,False,False,
mierudayo__flagship,mierudayo__flagship/src/tests/Feature/CustomerControllerTest.php,29,function_decl,False,T_STRING,1,test_認証済みユーザーは取引先一覧を閲覧できる,746573745fe8aa8de8a8bce6b888e381bfe383a6e383bce382b6e383bce381afe58f96e5bc95e58588e4b880e8a6a7e38292e996b2e8a6a7e381a7e3818de3828b,25,True,True,True,,True,"Cjk,Common,Hiragana,Katakana,Latin,Other",False,True,,False,True,
mierudayo__flagship,mierudayo__flagship/src/tests/Feature/CustomerControllerTest.php,89,function_decl,False,T_STRING,1,test_認証済みユーザーは取引先作成フォームを閲覧できる,746573745fe8aa8de8a8bce6b888e381bfe383a6e383bce382b6e383bce381afe58f96e5bc95e58588e4bd9ce68890e38395e382a9e383bce383a0e38292e996b2e8a6a7e381a7e3818de3828b,29,True,True,True,,True,"Cjk,Common,Hiragana,Katakana,Latin,Other",False,True,,False,True,
mierudayo__flagship,mierudayo__flagship/src/tests/Feature/CustomerControllerTest.php,100,function_decl,False,T_STRING,1,test_未認証ユーザーは取引先作成フォームを閲覧できない,746573745fe69caae8aa8de8a8bce383a6e383bce382b6e383bce381afe58f96e5bc95e58588e4bd9ce68890e38395e382a9e383bce383a0e38292e996b2e8a6a7e381a7e3818de381aae38184,29,True,True,True,,True,"Cjk,Common,Hiragana,Katakana,Latin,Other",False,True,,False,True,
mierudayo__flagship,mierudayo__flagship/src/tests/Feature/CustomerControllerTest.php,111,function_decl,False,T_STRING,1,test_認証済みユーザーは取引先の新規登録ができる,746573745fe8aa8de8a8bce6b888e381bfe383a6e383bce382b6e383bce381afe58f96e5bc95e58588e381aee696b0e8a68fe799bbe98cb2e3818ce381a7e3818de3828b,26,True,True,True,,True,"Cjk,Common,Hiragana,Katakana,Latin,Other",False,True,,False,True,
mierudayo__flagship,mierudayo__flagship/src/tests/Feature/CustomerControllerTest.php,127,function_decl,False,T_STRING,1,test_未認証ユーザーは取引先の新規作成ができない,746573745fe69caae8aa8de8a8bce383a6e383bce382b6e383bce381afe58f96e5bc95e58588e381aee696b0e8a68fe4bd9ce68890e3818ce381a7e3818de381aae38184,26,True,True,True,,True,"Cjk,Common,Hiragana,Katakana,Latin,Other",False,True,,False,True,
mierudayo__flagship,mierudayo__flagship/src/tests/Feature/CustomerControllerTest.php,143,function_decl,False,T_STRING,1,test_認証済みユーザーは取引先の閲覧ができる,746573745fe8aa8de8a8bce6b888e381bfe383a6e383bce382b6e383bce381afe58f96e5bc95e58588e381aee996b2e8a6a7e3818ce381a7e3818de3828b,24,True,True,True,,True,"Cjk,Common,Hiragana,Katakana,Latin,Other",False,True,,False,True,
mierudayo__flagship,mierudayo__flagship/src/tests/Feature/CustomerControllerTest.php,162,function_decl,False,T_STRING,1,test_認証済みAdminユーザーは取引先編集ページを閲覧できる,746573745fe8aa8de8a8bce6b888e381bf41646d696ee383a6e383bce382b6e383bce381afe58f96e5bc95e58588e7b7a8e99b86e3839ae383bce382b8e38292e996b2e8a6a7e381a7e3818de3828b,33,True,True,True,,True,"Cjk,Common,Hiragana,Katakana,Latin,Other",False,True,,False,True,
mierudayo__flagship,mierudayo__flagship/src/tests/Feature/CustomerControllerTest.php,177,function_decl,False,T_STRING,1,test_未認証ユーザーはユーザー取引先編集ページを閲覧できない,746573745fe69caae8aa8de8a8bce383a6e383bce382b6e383bce381afe383a6e383bce382b6e383bce58f96e5bc95e58588e7b7a8e99b86e3839ae383bce382b8e38292e996b2e8a6a7e381a7e3818de381aae38184,32,True,True,True,,True,"Cjk,Common,Hiragana,Katakana,Latin,Other",False,True,,False,True,
mierudayo__flagship,mierudayo__flagship/src/tests/Feature/CustomerControllerTest.php,192,function_decl,False,T_STRING,1,test_連絡先データを持つ取引先は削除できない,746573745fe980a3e7b5a1e58588e38387e383bce382bfe38292e68c81e381a4e58f96e5bc95e58588e381afe5898ae999a4e381a7e3818de381aae38184,24,True,True,True,,True,"Cjk,Common,Hiragana,Katakana,Latin,Other",False,True,,False,True,
mierudayo__flagship,mierudayo__flagship/src/tests/Feature/CustomerControllerTest.php,207,function_decl,False,T_STRING,1,test_認証済みユーザーは連絡先を持たない取引先を削除できる,746573745fe8aa8de8a8bce6b888e381bfe383a6e383bce382b6e383bce381afe980a3e7b5a1e58588e38292e68c81e3819fe381aae38184e58f96e5bc95e58588e38292e5898ae999a4e381a7e3818de3828b,31,True,True,True,,True,"Cjk,Common,Hiragana,Katakana,Latin,Other",False,True,,False,True,
mierudayo__flagship,mierudayo__flagship/src/tests/Feature/CustomerControllerTest.php,218,function_decl,False,T_STRING,1,test_未認証ユーザーは取引先を削除できない,746573745fe69caae8aa8de8a8bce383a6e383bce382b6e383bce381afe58f96e5bc95e58588e38292e5898ae999a4e381a7e3818de381aae38184,23,True,True,True,,True,"Cjk,Common,Hiragana,Katakana,Latin,Other",False,True,,False,True,
mierudayo__flagship,mierudayo__flagship/src/tests/Feature/UserControllerTest.php,34,function_decl,False,T_STRING,1,test_認証済みユーザーはユーザー一覧を閲覧できる,746573745fe8aa8de8a8bce6b888e381bfe383a6e383bce382b6e383bce381afe383a6e383bce382b6e383bce4b880e8a6a7e38292e996b2e8a6a7e381a7e3818de3828b,26,True,True,True,,True,"Cjk,Common,Hiragana,Katakana,Latin,Other",False,True,,False,True,
mierudayo__flagship,mierudayo__flagship/src/tests/Feature/UserControllerTest.php,84,function_decl,False,T_STRING,1,test_検索キーワードに一致するユーザーのみが表示される,746573745fe6a49ce7b4a2e382ade383bce383afe383bce38389e381abe4b880e887b4e38199e3828be383a6e383bce382b6e383bce381aee381bfe3818ce8a1a8e7a4bae38195e3828ce3828b,29,True,True,True,,True,"Cjk,Common,Hiragana,Katakana,Latin,Other",False,True,,False,True,
mierudayo__flagship,mierudayo__flagship/src/tests/Feature/UserControllerTest.php,106,function_decl,False,T_STRING,1,test_未認証ユーザーはユーザー一覧を閲覧できない,746573745fe69caae8aa8de8a8bce383a6e383bce382b6e383bce381afe383a6e383bce382b6e383bce4b880e8a6a7e38292e996b2e8a6a7e381a7e3818de381aae38184,26,True,True,True,,True,"Cjk,Common,Hiragana,Katakana,Latin,Other",False,True,,False,True,
mierudayo__flagship,mierudayo__flagship/src/tests/Feature/UserControllerTest.php,112,function_decl,False,T_STRING,1,test_認証済みSystemAdminユーザーはユーザー作成フォームを閲覧できる,746573745fe8aa8de8a8bce6b888e381bf53797374656d41646d696ee383a6e383bce382b6e383bce381afe383a6e383bce382b6e383bce4bd9ce68890e38395e382a9e383bce383a0e38292e996b2e8a6a7e381a7e3818de3828b,41,True,True,True,,True,"Cjk,Common,Hiragana,Katakana,Latin,Other",False,True,,False,True,
mierudayo__flagship,mierudayo__flagship/src/tests/Feature/UserControllerTest.php,123,function_decl,False,T_STRING,1,test_認証済みAdminユーザーはユーザー作成フォームを閲覧できる,746573745fe8aa8de8a8bce6b888e381bf41646d696ee383a6e383bce382b6e383bce381afe383a6e383bce382b6e383bce4bd9ce68890e38395e382a9e383bce383a0e38292e996b2e8a6a7e381a7e3818de3828b,35,True,True,True,,True,"Cjk,Common,Hiragana,Katakana,Latin,Other",False,True,,False,True,
mierudayo__flagship,mierudayo__flagship/src/tests/Feature/UserControllerTest.php,134,function_decl,False,T_STRING,1,test_権限を持たない認証済みユーザーはユーザー作成フォームを閲覧できない,746573745fe6a8a9e99990e38292e68c81e3819fe381aae38184e8aa8de8a8bce6b888e381bfe383a6e383bce382b6e383bce381afe383a6e383bce382b6e383bce4bd9ce68890e38395e382a9e383bce383a0e38292e996b2e8a6a7e381a7e3818de381aae38184,38,True,True,True,,True,"Cjk,Common,Hiragana,Katakana,Latin,Other",False,True,,False,True,
mierudayo__flagship,mierudayo__flagship/src/tests/Feature/UserControllerTest.php,141,function_decl,False,T_STRING,1,test_未認証ユーザーはユーザー作成フォームを閲覧できない,746573745fe69caae8aa8de8a8bce383a6e383bce382b6e383bce381afe383a6e383bce382b6e383bce4bd9ce68890e38395e382a9e383bce383a0e38292e996b2e8a6a7e381a7e3818de381aae38184,30,True,True,True,,True,"Cjk,Common,Hiragana,Katakana,Latin,Other",False,True,,False,True,
mierudayo__flagship,mierudayo__flagship/src/tests/Feature/UserControllerTest.php,147,function_decl,False,T_STRING,1,test_認証済みAdminユーザーは新しいユーザーを保存できる,746573745fe8aa8de8a8bce6b888e381bf41646d696ee383a6e383bce382b6e383bce381afe696b0e38197e38184e383a6e383bce382b6e383bce38292e4bf9de5ad98e381a7e3818de3828b,32,True,True,True,,True,"Cjk,Common,Hiragana,Katakana,Latin,Other",False,True,,False,True,
mierudayo__flagship,mierudayo__flagship/src/tests/Feature/UserControllerTest.php,170,function_decl,False,T_STRING,1,test_未認証ユーザーはユーザーの新規作成ができない,746573745fe69caae8aa8de8a8bce383a6e383bce382b6e383bce381afe383a6e383bce382b6e383bce381aee696b0e8a68fe4bd9ce68890e3818ce381a7e3818de381aae38184,27,True,True,True,,True,"Cjk,Common,Hiragana,Katakana,Latin,Other",False,True,,False,True,
mierudayo__flagship,mierudayo__flagship/src/tests/Feature/UserControllerTest.php,181,function_decl,False,T_STRING,1,test_認証済みAdminユーザーはユーザー編集フォームを閲覧できる,746573745fe8aa8de8a8bce6b888e381bf41646d696ee383a6e383bce382b6e383bce381afe383a6e383bce382b6e383bce7b7a8e99b86e38395e382a9e383bce383a0e38292e996b2e8a6a7e381a7e3818de3828b,35,True,True,True,,True,"Cjk,Common,Hiragana,Katakana,Latin,Other",False,True,,False,True,
mierudayo__flagship,mierudayo__flagship/src/tests/Feature/UserControllerTest.php,196,function_decl,False,T_STRING,1,test_未認証ユーザーはユーザー編集フォームを閲覧できない,746573745fe69caae8aa8de8a8bce383a6e383bce382b6e383bce381afe383a6e383bce382b6e383bce7b7a8e99b86e38395e382a9e383bce383a0e38292e996b2e8a6a7e381a7e3818de381aae38184,30,True,True,True,,True,"Cjk,Common,Hiragana,Katakana,Latin,Other",False,True,,False,True,
mierudayo__flagship,mierudayo__flagship/src/tests/Feature/UserControllerTest.php,203,function_decl,False,T_STRING,1,test_認証済みAdminユーザーはユーザーの更新ができる,746573745fe8aa8de8a8bce6b888e381bf41646d696ee383a6e383bce382b6e383bce381afe383a6e383bce382b6e383bce381aee69bb4e696b0e3818ce381a7e3818de3828b,30,True,True,True,,True,"Cjk,Common,Hiragana,Katakana,Latin,Other",False,True,,False,True,
mierudayo__flagship,mierudayo__flagship/src/tests/Feature/CustomerContactControllerTest.php,33,function_decl,False,T_STRING,1,test_認証済みユーザーは連絡先一覧を閲覧できる,746573745fe8aa8de8a8bce6b888e381bfe383a6e383bce382b6e383bce381afe980a3e7b5a1e58588e4b880e8a6a7e38292e996b2e8a6a7e381a7e3818de3828b,25,True,True,True,,True,"Cjk,Common,Hiragana,Katakana,Latin,Other",False,True,,False,True,
mierudayo__flagship,mierudayo__flagship/src/tests/Feature/CustomerContactControllerTest.php,50,function_decl,False,T_STRING,1,test_認証済みユーザーは連絡先の新規登録ができる,746573745fe8aa8de8a8bce6b888e381bfe383a6e383bce382b6e383bce381afe980a3e7b5a1e58588e381aee696b0e8a68fe799bbe98cb2e3818ce381a7e3818de3828b,26,True,True,True,,True,"Cjk,Common,Hiragana,Katakana,Latin,Other",False,True,,False,True,
mierudayo__flagship,mierudayo__flagship/src/tests/Feature/CustomerContactControllerTest.php,74,function_decl,False,T_STRING,1,test_認証済みユーザーは連絡先の閲覧ができる,746573745fe8aa8de8a8bce6b888e381bfe383a6e383bce382b6e383bce381afe980a3e7b5a1e58588e381aee996b2e8a6a7e3818ce381a7e3818de3828b,24,True,True,True,,True,"Cjk,Common,Hiragana,Katakana,Latin,Other",False,True,,False,True,
mierudayo__flagship,mierudayo__flagship/src/tests/Feature/CustomerContactControllerTest.php,94,function_decl,False,T_STRING,1,test_認証済みAdminユーザーは連絡先編集ページを閲覧できる,746573745fe8aa8de8a8bce6b888e381bf41646d696ee383a6e383bce382b6e383bce381afe980a3e7b5a1e58588e7b7a8e99b86e3839ae383bce382b8e38292e996b2e8a6a7e381a7e3818de3828b,33,True,True,True,,True,"Cjk,Common,Hiragana,Katakana,Latin,Other",False,True,,False,True,
mierudayo__flagship,mierudayo__flagship/src/tests/Feature/CustomerContactControllerTest.php,115,function_decl,False,T_STRING,1,test_認証済みユーザーは連絡先の更新ができる,746573745fe8aa8de8a8bce6b888e381bfe383a6e383bce382b6e383bce381afe980a3e7b5a1e58588e381aee69bb4e696b0e3818ce381a7e3818de3828b,24,True,True,True,,True,"Cjk,Common,Hiragana,Katakana,Latin,Other",False,True,,False,True,
mierudayo__flagship,mierudayo__flagship/src/tests/Feature/CustomerContactControllerTest.php,139,function_decl,False,T_STRING,1,test_認証済みユーザーは連絡先を削除できる,746573745fe8aa8de8a8bce6b888e381bfe383a6e383bce382b6e383bce381afe980a3e7b5a1e58588e38292e5898ae999a4e381a7e3818de3828b,23,True,True,True,,True,"Cjk,Common,Hiragana,Katakana,Latin,Other",False,True,,False,True,
mierudayo__flagship,mierudayo__flagship/src/tests/Feature/CustomerContactControllerTest.php,152,function_decl,False,T_STRING,1,test_未認証ユーザーは連絡先を削除できない,746573745fe69caae8aa8de8a8bce383a6e383bce382b6e383bce381afe980a3e7b5a1e58588e38292e5898ae999a4e381a7e3818de381aae38184,23,True,True,True,,True,"Cjk,Common,Hiragana,Katakana,Latin,Other",False,True,,False,True,
yz20032004__suishouhui,yz20032004__suishouhui/backend/lib/alipay/aop/AopClient.php,670,other,True,T_VARIABLE,3,chrtext ,63687274657874c2a0,8,True,False,False,U+00A0 NO-BREAK SPACE,True,"Common,Latin",False,False,,False,False,U+00A0 NO-BREAK SPACE
yz20032004__suishouhui,yz20032004__suishouhui/backend/lib/alipay/aop/AopClient.php,671,other,True,T_VARIABLE,1,encodes ,656e636f646573c2a0,8,True,False,False,U+00A0 NO-BREAK SPACE,True,"Common,Latin",False,False,,False,False,U+00A0 NO-BREAK SPACE
yz20032004__suishouhui,yz20032004__suishouhui/backend-template/lib/alipay/aop/AopClient.php,670,other,True,T_VARIABLE,3,chrtext ,63687274657874c2a0,8,True,False,False,U+00A0 NO-BREAK SPACE,True,"Common,Latin",False,False,,False,False,U+00A0 NO-BREAK SPACE
yz20032004__suishouhui,yz20032004__suishouhui/backend-template/lib/alipay/aop/AopClient.php,671,other,True,T_VARIABLE,1,encodes ,656e636f646573c2a0,8,True,False,False,U+00A0 NO-BREAK SPACE,True,"Common,Latin",False,False,,False,False,U+00A0 NO-BREAK SPACE
my-instantcms__icms2_showcase,my-instantcms__icms2_showcase/package/templates/default/controllers/showcase/backend/1c_exchange.tpl.php,59,property_or_method,False,T_STRING,2,Группы,d093d180d183d0bfd0bfd18b,6,True,True,True,,True,Cyrillic,False,False,,True,False,
my-instantcms__icms2_showcase,my-instantcms__icms2_showcase/package/templates/default/controllers/showcase/backend/1c_exchange.tpl.php,59,property_or_method,False,T_STRING,2,Группа,d093d180d183d0bfd0bfd0b0,6,True,True,True,,True,Cyrillic,False,False,,True,False,
my-instantcms__icms2_showcase,my-instantcms__icms2_showcase/package/templates/default/controllers/showcase/backend/1c_exchange.tpl.php,61,property_or_method,False,T_STRING,3,Ид,d098d0b4,2,True,True,True,,True,Cyrillic,False,False,,True,False,
my-instantcms__icms2_showcase,my-instantcms__icms2_showcase/package/templates/default/controllers/showcase/backend/1c_exchange.tpl.php,61,property_or_method,False,T_STRING,3,Наименование,d09dd0b0d0b8d0bcd0b5d0bdd0bed0b2d0b0d0bdd0b8d0b5,12,True,True,True,,True,Cyrillic,False,False,,True,False,
my-instantcms__icms2_showcase,my-instantcms__icms2_showcase/package/templates/default/controllers/showcase/backend/1c_exchange.tpl.php,65,property_or_method,False,T_STRING,2,Свойства,d0a1d0b2d0bed0b9d181d182d0b2d0b0,8,True,True,True,,True,Cyrillic,False,False,,True,False,
my-instantcms__icms2_showcase,my-instantcms__icms2_showcase/package/templates/default/controllers/showcase/backend/1c_exchange.tpl.php,65,property_or_method,False,T_STRING,2,Свойство,d0a1d0b2d0bed0b9d181d182d0b2d0be,8,True,True,True,,True,Cyrillic,False,False,,True,False,
my-instantcms__icms2_showcase,my-instantcms__icms2_showcase/package/templates/default/controllers/showcase/backend/1c_exchange.tpl.php,92,property_or_method,False,T_STRING,2,ТипЦены,d0a2d0b8d0bfd0a6d0b5d0bdd18b,7,True,True,True,,True,Cyrillic,False,False,,True,False,
my-instantcms__icms2_showcase,my-instantcms__icms2_showcase/package/system/controllers/showcase/actions/1c_exchange.php,329,property_or_method,False,T_STRING,4,Группы,d093d180d183d0bfd0bfd18b,6,True,True,True,,True,Cyrillic,False,False,,True,False,
my-instantcms__icms2_showcase,my-instantcms__icms2_showcase/package/system/controllers/showcase/actions/1c_exchange.php,329,property_or_method,False,T_STRING,2,Группа,d093d180d183d0bfd0bfd0b0,6,True,True,True,,True,Cyrillic,False,False,,True,False,
my-instantcms__icms2_showcase,my-instantcms__icms2_showcase/package/system/controllers/showcase/actions/1c_exchange.php,332,property_or_method,False,T_STRING,16,Ид,d098d0b4,2,True,True,True,,True,Cyrillic,False,False,,True,False,
my-instantcms__icms2_showcase,my-instantcms__icms2_showcase/package/system/controllers/showcase/actions/1c_exchange.php,337,property_or_method,False,T_STRING,3,Наименование,d09dd0b0d0b8d0bcd0b5d0bdd0bed0b2d0b0d0bdd0b8d0b5,12,True,True,True,,True,Cyrillic,False,False,,True,False,
my-instantcms__icms2_showcase,my-instantcms__icms2_showcase/package/system/controllers/showcase/actions/1c_exchange.php,369,property_or_method,False,T_STRING,4,Свойства,d0a1d0b2d0bed0b9d181d182d0b2d0b0,8,True,True,True,,True,Cyrillic,False,False,,True,False,
my-instantcms__icms2_showcase,my-instantcms__icms2_showcase/package/system/controllers/showcase/actions/1c_exchange.php,369,property_or_method,False,T_STRING,2,СвойствоНоменклатуры,d0a1d0b2d0bed0b9d181d182d0b2d0bed09dd0bed0bcd0b5d0bdd0bad0bbd0b0d182d183d180d18b,20,True,True,True,,True,Cyrillic,False,False,,True,False,
my-instantcms__icms2_showcase,my-instantcms__icms2_showcase/package/system/controllers/showcase/actions/1c_exchange.php,373,property_or_method,False,T_STRING,2,Свойство,d0a1d0b2d0bed0b9d181d182d0b2d0be,8,True,True,True,,True,Cyrillic,False,False,,True,False,
my-instantcms__icms2_showcase,my-instantcms__icms2_showcase/package/system/controllers/showcase/actions/1c_exchange.php,400,property_or_method,False,T_STRING,1,ВариантыЗначений,d092d0b0d180d0b8d0b0d0bdd182d18bd097d0bdd0b0d187d0b5d0bdd0b8d0b9,16,True,True,True,,True,Cyrillic,False,False,,True,False,
my-instantcms__icms2_showcase,my-instantcms__icms2_showcase/package/system/controllers/showcase/actions/1c_exchange.php,400,property_or_method,False,T_STRING,1,Справочник,d0a1d0bfd180d0b0d0b2d0bed187d0bdd0b8d0ba,10,True,True,True,,True,Cyrillic,False,False,,True,False,
my-instantcms__icms2_showcase,my-instantcms__icms2_showcase/package/system/controllers/showcase/actions/1c_exchange.php,401,property_or_method,False,T_STRING,2,ИдЗначения,d098d0b4d097d0bdd0b0d187d0b5d0bdd0b8d18f,10,True,True,True,,True,Cyrillic,False,False,,True,False,
my-instantcms__icms2_showcase,my-instantcms__icms2_showcase/package/system/controllers/showcase/actions/1c_exchange.php,401,property_or_method,False,T_STRING,3,Значение,d097d0bdd0b0d187d0b5d0bdd0b8d0b5,8,True,True,True,,True,Cyrillic,False,False,,True,False,
my-instantcms__icms2_showcase,my-instantcms__icms2_showcase/package/system/controllers/showcase/actions/1c_exchange.php,442,property_or_method,False,T_STRING,2,ЗначенияСвойств,d097d0bdd0b0d187d0b5d0bdd0b8d18fd0a1d0b2d0bed0b9d181d182d0b2,15,True,True,True,,True,Cyrillic,False,False,,True,False,
my-instantcms__icms2_showcase,my-instantcms__icms2_showcase/package/system/controllers/showcase/actions/1c_exchange.php,446,property_or_method,False,T_STRING,1,ЗначенияСвойства,d097d0bdd0b0d187d0b5d0bdd0b8d18fd0a1d0b2d0bed0b9d181d182d0b2d0b0,16,True,True,True,,True,Cyrillic,False,False,,True,False,
my-instantcms__icms2_showcase,my-instantcms__icms2_showcase/package/system/controllers/showcase/actions/1c_exchange.php,521,property_or_method,False,T_STRING,1,Артикул,d090d180d182d0b8d0bad183d0bb,7,True,True,True,,True,Cyrillic,False,False,,True,False,
my-instantcms__icms2_showcase,my-instantcms__icms2_showcase/package/system/controllers/showcase/actions/1c_exchange.php,525,property_or_method,False,T_STRING,1,Штрихкод,d0a8d182d180d0b8d185d0bad0bed0b4,8,True,True,True,,True,Cyrillic,False,False,,True,False,
my-instantcms__icms2_showcase,my-instantcms__icms2_showcase/package/system/controllers/showcase/actions/1c_exchange.php,529,property_or_method,False,T_STRING,1,БазоваяЕдиница,d091d0b0d0b7d0bed0b2d0b0d18fd095d0b4d0b8d0bdd0b8d186d0b0,14,True,True,True,,True,Cyrillic,False,False,,True,False,
my-instantcms__icms2_showcase,my-instantcms__icms2_showcase/package/system/controllers/showcase/actions/1c_exchange.php,537,property_or_method,False,T_STRING,1,Описание,d09ed0bfd0b8d181d0b0d0bdd0b8d0b5,8,True,True,True,,True,Cyrillic,False,False,,True,False,
my-instantcms__icms2_showcase,my-instantcms__icms2_showcase/package/system/controllers/showcase/actions/1c_exchange.php,550,property_or_method,False,T_STRING,1,Статус,d0a1d182d0b0d182d183d181,6,True,True,True,,True,Cyrillic,False,False,,True,False,
my-instantcms__icms2_showcase,my-instantcms__icms2_showcase/package/system/controllers/showcase/actions/1c_exchange.php,573,property_or_method,False,T_STRING,1,Цены,d0a6d0b5d0bdd18b,4,True,True,True,,True,Cyrillic,False,False,,True,False,
my-instantcms__icms2_showcase,my-instantcms__icms2_showcase/package/system/controllers/showcase/actions/1c_exchange.php,573,property_or_method,False,T_STRING,1,Цена,d0a6d0b5d0bdd0b0,4,True,True,True,,True,Cyrillic,False,False,,True,False,
my-instantcms__icms2_showcase,my-instantcms__icms2_showcase/package/system/controllers/showcase/actions/1c_exchange.php,574,property_or_method,False,T_STRING,1,ИдТипаЦены,d098d0b4d0a2d0b8d0bfd0b0d0a6d0b5d0bdd18b,10,True,True,True,,True,Cyrillic,False,False,,True,False,
my-instantcms__icms2_showcase,my-instantcms__icms2_showcase/package/system/controllers/showcase/actions/1c_exchange.php,577,property_or_method,False,T_STRING,1,Количество,d09ad0bed0bbd0b8d187d0b5d181d182d0b2d0be,10,True,True,True,,True,Cyrillic,False,False,,True,False,
my-instantcms__icms2_showcase,my-instantcms__icms2_showcase/package/system/controllers/showcase/actions/1c_exchange.php,578,property_or_method,False,T_STRING,1,ЦенаЗаЕдиницу,d0a6d0b5d0bdd0b0d097d0b0d095d0b4d0b8d0bdd0b8d186d183,13,True,True,True,,True,Cyrillic,False,False,,True,False,
my-instantcms__icms2_showcase,my-instantcms__icms2_showcase/package/system/controllers/showcase/actions/1c_exchange.php,590,property_or_method,False,T_STRING,2,Картинка,d09ad0b0d180d182d0b8d0bdd0bad0b0,8,True,True,True,,True,Cyrillic,False,False,,True,False,
my-instantcms__icms2_showcase,my-instantcms__icms2_showcase/package/system/controllers/showcase/actions/order_save.php,44,property_or_method,False,T_STRING,1,аываываыав,d0b0d18bd0b2d0b0d18bd0b2d0b0d18bd0b0d0b2,10,True,True,True,,True,Cyrillic,False,False,,False,False,
laravel-ja__comja5,laravel-ja__comja5/tests/Comja/Services/Transformers/ToyBoxTest.php,13,function_decl,False,T_STRING,1,testPushプライオリティーをキーに保存,7465737450757368e38397e383a9e382a4e382aae383aae38386e382a3e383bce38292e382ade383bce381abe4bf9de5ad98,22,True,True,True,,True,"Cjk,Hiragana,Katakana,Latin,Other",False,True,,False,True,
laravel-ja__comja5,laravel-ja__comja5/tests/Comja/Services/Transformers/ToyBoxTest.php,24,function_decl,False,T_STRING,1,testPushプライオリティーをキーに複数保存,7465737450757368e38397e383a9e382a4e382aae383aae38386e382a3e383bce38292e382ade383bce381abe8a487e695b0e4bf9de5ad98,24,True,True,True,,True,"Cjk,Hiragana,Katakana,Latin,Other",False,True,,False,True,
laravel-ja__comja5,laravel-ja__comja5/tests/Comja/Services/Transformers/ToyBoxTest.php,43,function_decl,False,T_STRING,1,testPushアクセス名を指定した保存,7465737450757368e382a2e382afe382bbe382b9e5908de38292e68c87e5ae9ae38197e3819fe4bf9de5ad98,20,True,True,True,,True,"Cjk,Hiragana,Katakana,Latin",False,True,,False,True,
laravel-ja__comja5,laravel-ja__comja5/tests/Comja/Services/Transformers/ToyBoxTest.php,55,function_decl,False,T_STRING,1,testPlay整形クラスが指定されていない場合は内容を変更しない,74657374506c6179e695b4e5bda2e382afe383a9e382b9e3818ce68c87e5ae9ae38195e3828ce381a6e38184e381aae38184e5a0b4e59088e381afe58685e5aeb9e38292e5a489e69bb4e38197e381aae38184,33,True,True,True,,True,"Cjk,Hiragana,Katakana,Latin",False,True,,False,True,
laravel-ja__comja5,laravel-ja__comja5/tests/Comja/Services/Transformers/ToyBoxTest.php,64,function_decl,False,T_STRING,1,testPlay整形クラスをプライオリティー順に実行,74657374506c6179e695b4e5bda2e382afe383a9e382b9e38292e38397e383a9e382a4e382aae383aae38386e382a3e383bce9a086e381abe5ae9fe8a18c,26,True,True,True,,True,"Cjk,Hiragana,Katakana,Latin,Other",False,True,,False,True,
laravel-ja__comja5,laravel-ja__comja5/tests/Comja/Services/Transformers/ToyBoxTest.php,85,function_decl,False,T_STRING,1,testClear整形クラスのパージ,74657374436c656172e695b4e5bda2e382afe383a9e382b9e381aee38391e383bce382b8,18,True,True,True,,True,"Cjk,Hiragana,Katakana,Latin,Other",False,True,,False,True,
laravel-ja__comja5,laravel-ja__comja5/tests/Comja/Services/Transformers/ToyBoxTest.php,97,function_decl,False,T_STRING,1,testOffsetExists配列アクセス存在チェック,746573744f6666736574457869737473e9858de58897e382a2e382afe382bbe382b9e5ad98e59ca8e38381e382a7e38383e382af,28,True,True,True,,True,"Cjk,Katakana,Latin",False,True,,False,True,
laravel-ja__comja5,laravel-ja__comja5/tests/Comja/Services/Transformers/ToyBoxTest.php,114,function_decl,False,T_STRING,1,testOffsetGet配列取得アクセス,746573744f6666736574476574e9858de58897e58f96e5be97e382a2e382afe382bbe382b9,21,True,True,True,,True,"Cjk,Katakana,Latin",False,True,,False,True,
laravel-ja__comja5,laravel-ja__comja5/tests/Comja/Services/Transformers/ToyBoxTest.php,131,function_decl,False,T_STRING,1,testOffsetSet配列アクセス追加時,746573744f6666736574536574e9858de58897e382a2e382afe382bbe382b9e8bfbde58aa0e69982,22,True,True,True,,True,"Cjk,Katakana,Latin",False,True,,False,True,
laravel-ja__comja5,laravel-ja__comja5/tests/Comja/Services/Transformers/ToyBoxTest.php,148,function_decl,False,T_STRING,1,testOffsetSet配列アクセスプライオリティ指定時,746573744f6666736574536574e9858de58897e382a2e382afe382bbe382b9e38397e383a9e382a4e382aae383aae38386e382a3e68c87e5ae9ae69982,29,True,True,True,,True,"Cjk,Katakana,Latin",False,True,,False,True,
laravel-ja__comja5,laravel-ja__comja5/tests/Comja/Services/Transformers/ToyBoxTest.php,171,function_decl,False,T_STRING,1,testOffsetSet配列アクセス名指定新規追加時,746573744f6666736574536574e9858de58897e382a2e382afe382bbe382b9e5908de68c87e5ae9ae696b0e8a68fe8bfbde58aa0e69982,27,True,True,True,,True,"Cjk,Katakana,Latin",False,True,,False,True,
laravel-ja__comja5,laravel-ja__comja5/tests/Comja/Services/Transformers/ToyBoxTest.php,192,function_decl,False,T_STRING,1,testOffsetSet配列アクセス名指定更新時,746573744f6666736574536574e9858de58897e382a2e382afe382bbe382b9e5908de68c87e5ae9ae69bb4e696b0e69982,25,True,True,True,,True,"Cjk,Katakana,Latin",False,True,,False,True,
laravel-ja__comja5,laravel-ja__comja5/tests/Comja/Services/Transformers/ToyBoxTest.php,214,function_decl,False,T_STRING,1,testOffsetSet配列アクセス削除,746573744f6666736574536574e9858de58897e382a2e382afe382bbe382b9e5898ae999a4,21,True,True,True,,True,"Cjk,Katakana,Latin",False,True,,False,True,
laravel-ja__comja5,laravel-ja__comja5/tests/Comja/Services/Transformers/Transformers/TabToSpacesTest.php,18,function_decl,False,T_STRING,1,testTransformeデフォルト４スペース,746573745472616e73666f726d65e38387e38395e382a9e383abe38388efbc94e382b9e3839ae383bce382b9,24,True,True,True,,True,"Common,Katakana,Latin,Other",False,True,,False,True,
laravel-ja__comja5,laravel-ja__comja5/tests/Comja/Services/Transformers/Transformers/TabToSpacesTest.php,41,function_decl,False,T_STRING,1,testTransformeタブ数指定,746573745472616e73666f726d65e382bfe38396e695b0e68c87e5ae9a,19,True,True,True,,True,"Cjk,Katakana,Latin",False,True,,False,True,
laravel-ja__comja5,laravel-ja__comja5/tests/Comja/Repositories/FileRepositoryTraitTest.php,23,function_decl,False,T_STRING,1,testIsCached未キャッシュ時,746573744973436163686564e69caae382ade383a3e38383e382b7e383a5e69982,19,True,True,True,,True,"Cjk,Katakana,Latin",False,True,,False,True,
laravel-ja__comja5,laravel-ja__comja5/tests/Comja/Repositories/FileRepositoryTraitTest.php,31,function_decl,False,T_STRING,1,testIsCachedキャッシュ済み時,746573744973436163686564e382ade383a3e38383e382b7e383a5e6b888e381bfe69982,20,True,True,True,,True,"Cjk,Hiragana,Katakana,Latin",False,True,,False,True,
laravel-ja__comja5,laravel-ja__comja5/tests/Comja/Repositories/FileRepositoryTraitTest.php,40,function_decl,False,T_STRING,1,testFeachAll未キャッシュ時readAllLine呼び出し,746573744665616368416c6ce69caae382ade383a3e38383e382b7e383a5e6998272656164416c6c4c696e65e591bce381b3e587bae38197,34,True,True,True,,True,"Cjk,Hiragana,Katakana,Latin",False,True,,False,True,
laravel-ja__comja5,laravel-ja__comja5/tests/Comja/Repositories/FileRepositoryTraitTest.php,57,function_decl,False,T_STRING,1,testFeachAllキャシュ済み時,746573744665616368416c6ce382ade383a3e382b7e383a5e6b888e381bfe69982,19,True,True,True,,True,"Cjk,Hiragana,Katakana,Latin",False,True,,False,True,
laravel-ja__comja5,laravel-ja__comja5/tests/Comja/Repositories/TranslationJsonRepoTest.php,40,function_decl,False,T_STRING,1,testGetAllデータ取得,74657374476574416c6ce38387e383bce382bfe58f96e5be97,15,True,True,True,,True,"Cjk,Katakana,Latin,Other",False,True,,False,True,
laravel-ja__comja5,laravel-ja__comja5/tests/Comja/Repositories/TranslationJsonRepoTest.php,52,function_decl,False,T_STRING,1,testGet特定ファイルの翻訳情報取得,74657374476574e789b9e5ae9ae38395e382a1e382a4e383abe381aee7bfbbe8a8b3e68385e5a0b1e58f96e5be97,20,True,True,True,,True,"Cjk,Hiragana,Katakana,Latin",False,True,,False,True,
laravel-ja__comja5,laravel-ja__comja5/tests/Comja/Repositories/TranslationJsonRepoTest.php,70,function_decl,False,T_STRING,1,testGet特定英文から和文取得,74657374476574e789b9e5ae9ae88bb1e69687e3818be38289e5928ce69687e58f96e5be97,17,True,True,True,,True,"Cjk,Hiragana,Latin",False,True,,False,True,
sulianapp-com__sulianapp,sulianapp-com__sulianapp/app/common/services/alipay/AopClient.php,693,other,False,T_VARIABLE,3,chrtext ,63687274657874c2a0,8,True,False,False,U+00A0 NO-BREAK SPACE,True,"Common,Latin",False,False,,False,False,U+00A0 NO-BREAK SPACE
sulianapp-com__sulianapp,sulianapp-com__sulianapp/app/common/services/alipay/AopClient.php,694,other,False,T_VARIABLE,1,encodes ,656e636f646573c2a0,8,True,False,False,U+00A0 NO-BREAK SPACE,True,"Common,Latin",False,False,,False,False,U+00A0 NO-BREAK SPACE
fecshop__yii2_fecshop,fecshop__yii2_fecshop/lib/alipay/aop/AopClient.php,766,other,True,T_VARIABLE,3,chrtext ,63687274657874c2a0,8,True,False,False,U+00A0 NO-BREAK SPACE,True,"Common,Latin",False,False,,False,False,U+00A0 NO-BREAK SPACE
fecshop__yii2_fecshop,fecshop__yii2_fecshop/lib/alipay/aop/AopClient.php,767,other,True,T_VARIABLE,1,encodes ,656e636f646573c2a0,8,True,False,False,U+00A0 NO-BREAK SPACE,True,"Common,Latin",False,False,,False,False,U+00A0 NO-BREAK SPACE
FeMiner__wms,FeMiner__wms/src/receipt_inout/receipt_out_bg.php,24,other,False,T_VARIABLE,1,<invalid utf-8>,77617265686f757365b2bbb4e6d4daa3a1,0,False,False,False,,False,,False,False,,False,False,
FeMiner__wms,FeMiner__wms/src/receipt_inout/receipt_in_bg.php,24,other,False,T_VARIABLE,1,<invalid utf-8>,77617265686f757365b2bbb4e6d4daa3a1,0,False,False,False,,False,,False,False,,False,False,
FeMiner__wms,FeMiner__wms/src/wmsout/wmsout.php,51,other,False,T_STRING,1,<invalid utf-8>,b3f6bfe2,0,False,False,False,,False,,False,False,,False,False,
FeMiner__wms,FeMiner__wms/src/receipt_check/receipt_check_bg.php,22,other,False,T_VARIABLE,1,<invalid utf-8>,77617265686f757365b2bbb4e6d4daa3a1,0,False,False,False,,False,,False,False,,False,False,
FeMiner__wms,FeMiner__wms/src/test/receipt_out_bg.php,26,other,False,T_VARIABLE,1,<invalid utf-8>,77617265686f757365b2bbb4e6d4daa3a1,0,False,False,False,,False,,False,False,,False,False,
FeMiner__wms,FeMiner__wms/src/test/receipt_exchange_bg.php,26,other,False,T_VARIABLE,1,<invalid utf-8>,77617265686f757365b2bbb4e6d4daa3a1,0,False,False,False,,False,,False,False,,False,False,
FeMiner__wms,FeMiner__wms/src/test/receipt_exchange_bg.php,28,other,False,T_VARIABLE,1,<invalid utf-8>,77617265686f75736532b2bbb4e6d4daa3a1,0,False,False,False,,False,,False,False,,False,False,
FeMiner__wms,FeMiner__wms/src/test/receipt_in_bg.php,26,other,False,T_VARIABLE,1,<invalid utf-8>,77617265686f757365b2bbb4e6d4daa3a1,0,False,False,False,,False,,False,False,,False,False,
FeMiner__wms,FeMiner__wms/src/test/receipt_check_bg.php,26,other,False,T_VARIABLE,1,<invalid utf-8>,77617265686f757365b2bbb4e6d4daa3a1,0,False,False,False,,False,,False,False,,False,False,
FeMiner__wms,FeMiner__wms/src/receipt_exchange/receipt_exchange_bg.php,24,other,False,T_VARIABLE,1,<invalid utf-8>,77617265686f757365b2bbb4e6d4daa3a1,0,False,False,False,,False,,False,False,,False,False,
FeMiner__wms,FeMiner__wms/src/receipt_exchange/receipt_exchange_bg.php,26,other,False,T_VARIABLE,1,<invalid utf-8>,77617265686f75736532b2bbb4e6d4daa3a1,0,False,False,False,,False,,False,False,,False,False,
FeMiner__wms,FeMiner__wms/src/basic/inoutsetting.php,60,other,False,T_STRING,1,<invalid utf-8>,b3f6bfe2,0,False,False,False,,False,,False,False,,False,False,
FeMiner__wms,FeMiner__wms/src/basic/inoutsetting.php,83,other,False,T_STRING,1,<invalid utf-8>,c8ebbfe2,0,False,False,False,,False,,False,False,,False,False,
FeMiner__wms,FeMiner__wms/src/basic/editinout.php,43,other,False,T_STRING,1,<invalid utf-8>,c8ebbfe2,0,False,False,False,,False,,False,False,,False,False,
FeMiner__wms,FeMiner__wms/src/basic/editinout.php,44,other,False,T_STRING,1,<invalid utf-8>,b3f6bfe2,0,False,False,False,,False,,False,False,,False,False,
Fanli2012__lqycms,Fanli2012__lqycms/app/Http/Controllers/Api/PaymentNotifyController.php,25,other,False,T_STRING,1,查询订单,e69fa5e8afa2e8aea2e58d95,4,True,True,True,,True,Cjk,False,False,,False,False,
Fanli2012__lqycms,Fanli2012__lqycms/resources/org/alipay_app/AopClient.php,761,other,False,T_VARIABLE,3,chrtext ,63687274657874c2a0,8,True,False,False,U+00A0 NO-BREAK SPACE,True,"Common,Latin",False,False,,False,False,U+00A0 NO-BREAK SPACE
Fanli2012__lqycms,Fanli2012__lqycms/resources/org/alipay_app/AopClient.php,762,other,False,T_VARIABLE,1,encodes ,656e636f646573c2a0,8,True,False,False,U+00A0 NO-BREAK SPACE,True,"Common,Latin",False,False,,False,False,U+00A0 NO-BREAK SPACE
